CONTIG	POS	HAP	REF	ALT	QUAL	TYPE	ERR_TYPE	CREDIT	CLUSTER	SUPERCLUSTER	SYNC_GROUP	REF_DIST	QUERY_DIST	LOCATION
MN908947	433	1		A	11.09	INS	TP	1.000000	0	7	1	1	0	INSIDE 
MN908947	433	0		A	11.09	INS	TP	1.000000	0	7	1	1	0	INSIDE 
MN908947	1348	1	C		4.75	DEL	TP	1.000000	1	26	1	1	0	INSIDE 
MN908947	1348	0	C		4.75	DEL	TP	1.000000	1	26	1	1	0	INSIDE 
MN908947	1420	1		C	23.91	INS	TP	1.000000	2	27	3	1	0	INSIDE 
MN908947	1420	0		C	23.91	INS	TP	1.000000	2	27	3	1	0	INSIDE 
MN908947	1437	1		C	17.58	INS	TP	1.000000	3	27	0	1	0	INSIDE 
MN908947	1437	0		C	17.58	INS	TP	1.000000	3	27	0	1	0	INSIDE 
MN908947	1543	1	G		26.52	DEL	TP	1.000000	4	30	0	1	0	INSIDE 
MN908947	1543	0	G		26.52	DEL	TP	1.000000	4	30	0	1	0	INSIDE 
MN908947	2116	1		A	40.88	INS	TP	1.000000	5	39	0	1	0	INSIDE 
MN908947	2116	0		A	40.88	INS	TP	1.000000	5	39	0	1	0	INSIDE 
MN908947	4901	1	T		29.00	DEL	TP	1.000000	6	99	0	1	0	INSIDE 
MN908947	4901	0	T		29.00	DEL	TP	1.000000	6	99	0	1	0	INSIDE 
MN908947	6159	1		G	16.52	INS	FP	0.000000	7	124	0	0	0	INSIDE 
MN908947	6159	0		G	16.52	INS	FP	0.000000	7	124	0	0	0	INSIDE 
MN908947	6893	1		T	60.00	INS	FP	0.500000	8	140	0	2	1	INSIDE 
MN908947	6893	0		T	60.00	INS	FP	0.500000	8	140	0	2	1	INSIDE 
MN908947	9918	1	T		60.00	DEL	TP	1.000000	9	195	0	1	0	INSIDE 
MN908947	9918	0	T		60.00	DEL	TP	1.000000	9	195	0	1	0	INSIDE 
MN908947	13408	1	A		60.00	DEL	TP	1.000000	10	261	0	1	0	INSIDE 
MN908947	13408	0	A		60.00	DEL	TP	1.000000	10	261	0	1	0	INSIDE 
MN908947	19163	1	C		52.86	DEL	TP	1.000000	11	383	1	1	0	INSIDE 
MN908947	19163	0	C		52.86	DEL	TP	1.000000	11	383	1	1	0	INSIDE 
MN908947	26290	1	G		32.42	DEL	TP	1.000000	12	512	0	1	0	INSIDE 
MN908947	26290	0	G		32.42	DEL	TP	1.000000	12	512	0	1	0	INSIDE 
MN908947	28633	1	C		23.16	DEL	TP	1.000000	13	552	0	1	0	INSIDE 
MN908947	28633	0	C		23.16	DEL	TP	1.000000	13	552	0	1	0	INSIDE 
